INSERT INTO localita (citta, provincia, regione)
VALUES 	('Salerno','Salerno','Campania'),
		('Amalfi','Salerno','Campania'),
		('Palinuro','Salerno','Campania'),
		('Acciaroli','Salerno','Campania'),
		('Napoli','Napoli','Campania'),
		('Castellammare di Stabia','Napoli','Campania'),
		('Torre Annunziata','Napoli','Campania'),
		('Pozzuoli','Napoli','Campania'),
		
		('Palermo','Palermo','Sicilia'),
		('Cefalu','Palermo','Sicilia'),
		('Mondello','Palermo','Sicilia'),
		('Messina','Messina','Sicilia'),
		('Milazzo','Messina','Sicilia'),
		('Lipari','Messina','Sicilia'),
		('Catania','Catania','Sicilia'),
		('Acireale','Catania','Sicilia'),
		('Siracusa','Siracusa','Sicilia'),
		('Augusta','Siracusa','Sicilia'),
		('Scoglitti','Ragusa','Sicilia'),
		('Santa Barbara','Ragusa','Sicilia'),
		('Gela','Caltanissetta','Sicilia'),
		('Manfria','Caltanissetta','Sicilia'),
		('Lampedusa','Agrigento','Sicilia'),
		('Licata','Agrigento','Sicilia'),
		('Pantelleria','Trapani','Sicilia'),
		('Marsala','Trapani','Sicilia'),
		
		('Cagliari','Cagliari','Sardegna'),
		('Sant andrea','Cagliari','Sardegna'),
		('Olbia','Sassari','Sardegna'),
		('Porto Torres','Sassari','Sardegna'),
		('Porto Cervo','Sassari','Sardegna'),
		('Orosei','Nuoro','Sardegna'),
		('Arbatax','Nuoro','Sardegna'),
		('Oristano','Oristano','Sardegna'),
		('Bosa','Oristano','Sardegna'),
		('Villasimius','Sud-Sardegna','Sardegna'),
		('Costa Rei','Sud-Sardegna','Sardegna'),
		('Portoscuso','Sud-Sardegna','Sardegna'),
		
		('Praia a Mare','Cosenza','Calabria'),
		('Santa Maria del Cedro','Cosenza','Calabria'),
		('Villapiana','Cosenza','Calabria'),
		('Cirò Marina','Crotone','Calabria'),
		('Crotone','Crotone','Calabria'),
		('Melisa','Crotone','Calabria'),
		('Soverato','Catanzaro','Calabria'),
		('Badolato','Catanzaro','Calabria'),
		('San Vito Sullo Jonio','Catanzaro','Calabria'),
		('Tropea','Vibo Valentia','Calabria'),
		('Nicotera','Vibo Valentia','Calabria'),
		('Pizzo','Vibo Valentia','Calabria'),
		('Reggio Calabria','Reggio Calabria','Calabria'),
		('Bova','Reggio Calabria','Calabria'),
		('Melito di Porto Salvo','Reggio Calabria','Calabria'),
		('Villa San Giovani','Reggio Calabria','Calabria'),
		
		('Maratea','Potenza','Basilicata'),
		('Acquafredda','Potenza','Basilicata'),
		('Policoro','Matera','Basilicata'),
		('Metaponto','Matera','Basilicata'),
		
		
		('Vieste','Foggia','Puglia'),
		('San Lorenzo','Foggia','Puglia'),
		('Portogreco','Foggia','Puglia'),
		('Bari','Bari','Puglia'),
		('Santo Spirito','Bari','Puglia'),
		('Monopoli','Bari','Puglia'),
		('Taranto','Taranto','Puglia'),
		('Pulsano','Taranto','Puglia'),
		('Chiatona','Taranto','Puglia'),
		('Grottaglie','Taranto','Puglia'),
		('Brindisi','Brindisi','Puglia'),
		('Cerano','Brindisi','Puglia'),
		('Linduso','Brindisi','Puglia'),
		('Otranto','Lecce','Puglia'),
		('Tricase','Lecce','Puglia'),
		('Gallipoli','Lecce','Puglia'),
		('Barletta','Barletta-Andria-Trani','Puglia'),
		('Trani','Barletta-Andria-Trani','Puglia'),
		('Bisceglie','Barletta-Andria-Trani','Puglia'),
		
		('Termoli','Campobasso','Molise'),
		('Campomarino','Campobasso','Molise'),
		('Petacciato','Campobasso','Molise'),
		
		
		('Civitavecchia','Roma','Lazio'),
		('Fiumicino', 'Roma','Lazio'),
		('Ostia','Roma','Lazio'),
		('Anzio','Roma','Lazio'),
		('Ladispoli','Roma','Lazio'),		
		('Sabaudia','Latina','Lazio'),
		('Gaeta','Latina','Lazio'),
		('Rio Claro','Latina','Lazio'),
		('San Felice Circeo','Latina','Lazio'),		
		('Saline','Viterbo','Lazio'),
		('Montalto Marina','Viterbo','Lazio'),
		('Ciampino','Roma','Lazio'),
		
		
		('Giulianova','Teramo','Abruzzo'),
		('Villa Rosa','Teramo','Abruzzo'),
		('Scerne','Teramo','Abruzzo'),	
		('Pescara','Pescara','Abruzzo'),
		('Montesilvano','Pescara','Abruzzo'),	
		('Ortona','Chieti','Abruzzo'),
		('Vasto','Chieti','Abruzzo'),
		('Postilli','Chieti','Abruzzo'),
		
	
		('Pesaro','Pesaro e Urbino','Marche'),
		('Fano','Pesaro e Urbino','Marche'),
		('Marotta','Pesaro e Urbino','Marche'),
		('Ancona','Ancona','Marche'),
		('Senigallia','Ancona','Marche'),
		('Falconara','Ancona','Marche'),
		('Scossicci','Macerata','Marche'),
		('Civitanova Marche','Macerata','Marche'),
		('Fontespina','Macerata','Marche'),
		('San Giorgio','Fermo','Marche'),
		('Pedaso','Fermo','Marche'),
		('Grottammare','Ascoli Piceno','Marche'),
		('Massignano','Ascoli Piceno','Marche'),
		
		('Castiglione della Pescaia','Grosseto','Toscana'),
		('Grosseto','Grosseto','Toscana'),
		('Giglio','Grosseto','Toscana'),
		('Porto Ercole','Grosseto','Toscana'),
		('Porto Santo Stefano','Grosseto','Toscana'),
		('Punta Ala','Grosseto','Toscana'),
		('Livorno','Livorno','Toscana'),
		('Piombino','Livorno','Toscana'),
		('Rosignano','Livorno','Toscana'),
		('Quercianella','Livorno','Toscana'),
		('Viareggio','Lucca','Toscana'),
		('Forte dei Marmi','Lucca','Toscana'),
		('Carrara','Massa-Carrara','Toscana'),
		('Massa','Massa-Carrara','Toscana'),
		('Tirrenia','Pisa','Toscana'),
		('Calambrone','Pisa','Toscana'),
		('Gombo','Pisa','Toscana'),
		
		('Genova','Genova','Liguria'),
		('Portofino','Genova','Liguria'),
		('Chiavari','Genova','Liguria'),
		('Arenzano','Genova','Liguria'),
		('Sestri Levante','Genova','Liguria'),
		('Porto Maurizio','Imperia','Liguria'),
		('Oneglia','Imperia','Liguria'),
		('Monterosso al Mare','La Spezia','Liguria'),
		('La Spezia','La Spezia','Liguria'),
		('Portovenere','La Spezia','Liguria'),
		('Lerici','La Spezia','Liguria'),
		('Zinola','Savona','Liguria'),
		('Savona','Savona','Liguria'),
		('Sarzana','La Spezia','Liguria'),
		
		('Pomposa','Ferrara','Emilia Romagna'),
		('Gorino','Ferrara','Emilia Romagna'),
		('Cervia','Ravenna','Emilia Romagna'),
		('Punta Marina','Ravenna','Emilia Romagna'),
		('Cesenatico','Forli Cesena','Emilia Romagna'),
		('Gatteo a Mare','Forli Cesena','Emilia Romagna'),
		('Rimini','Rimini','Emilia Romagna'),
		('Riccione','Rimini','Emilia Romagna'),
		('Cattolica','Rimini','Emilia Romagna'),
		
		
		('Rosolina','Rovigo','Veneto'),
		('Pila','Rovigo','Veneto'),
		('Santa Giulia','Padova','Veneto'),
		('Bonelli','Padova','Veneto'),
		('Chioggia','Venezia','Veneto'),
		('Jesolo','Venezia','Veneto'),
		('Caorle','Venezia','Veneto'),
		('Venezia','Venezia','Veneto'),

		('Trieste','Trieste','Friuli-Venezia Giulia'),
		('Duino','Trieste','Friuli-Venezia Giulia'),
		('Aurisina','Trieste','Friuli-Venezia Giulia'),
		('Muggia','Trieste','Friuli-Venezia Giulia'),
		('Lignano Sabbiadoro','Udine','Friuli-Venezia Giulia'),
		('Marano','Udine','Friuli-Venezia Giulia'),

		('Milano','Milano','Lombardia');
		
		
		
INSERT INTO struttura (nome, citta, indirizzo, corpodiappartenenza, telefono, email)
VALUES		('Direzione Marittima di Pescara','Pescara','Piazza della Marina n. 1','Guardia Costiera','085694040','cppescara@mit.gov.it'),
			('Capitaneria di Porto di Ortona','Ortona','Via del Porto n. 7','Guardia Costiera','0859063290','cp-ortona@pec.mit.gov.it'),
			('Ufficio Circondariale Marittimo di Vasto','Vasto','Via Pennaluce n. 27','Guardia Costiera','0873310340','ucvasto@mit.gov.it'),
			('Ufficio Circondariale Marittimo di Maratea','Maratea','Via Profiti n. 40','Guardia Costiera','0973876859','maratea@guardiacostiera.it'),
			('Ufficio Locale Marittimo di Policoro','Policoro',' Via Monte Bianco n. 14','Guardia Costiera','08351978381','lcpolicoro@mit.gov.it'),
			('Capitaneria di Porto di Crotone','Crotone','Via Miscello da Ripe n. 5','Guardia Costiera','0962611603','crotone@guardiacostiera.it'),
			('Ufficio Locale Marittimo di Pizzo','Pizzo','Via Alcide de Gasperi n. 39','Guardia Costiera','0963531470','lcpizzo@mit.gov.it'),
			('Ufficio Locale Marittimo di Praia a Mare','Praia a Mare',' Via Piave, 15','Guardia Costiera','098574666','lcpraia@mit.gov.it'),
			('Direzione Marittima di Napoli','Napoli','Piazzale Pisacane n. 1','Guardia Costiera','0812445111','napoli@guardiacostiera.it'),
			('Ufficio Polizia di Frontiera Marittima di Napoli','Napoli','Calata Villa del Popolo', 'Polizia', '081 244 8111', null),
			('Capitaneria di Porto di Castellammare di Stabia','Castellammare di Stabia','Piazza Incrociatore S.Giorgio n. 4','Guardia Costiera','081871107786','cpcastellammare@mit.gov.it'),
			('Capitaneria di Porto di Salerno','Salerno','Molo Manfredi n. 33','Guardia Costiera','0892587938','cpsalerno@mit.gov.it'),
			('Ufficio Circondariale Marittimo di Palinuro','Palinuro','Porto n. snc','Guardia Costiera','0974938383','ucpalinuro@mit.gov.it'),
			('Capitaneria di Porto di Rimini','Rimini','Via Destra del Porto n. 149','Guardia Costiera','054150121','cprimini@mit.gov.it'),
			('Ufficio Locale Marittimo di Riccione','Riccione','Via D Annunzio n. 9/A','Guardia Costiera','0541644000','lcriccione@mit.gov.it'),
			('Ufficio Circondariale Marittimo di Cesenatico','Cesenatico','Via del Porto n.14','Guardia Costiera','054780028','uccesenatico@mit.gov.it'),
			('Direzione Marittima di Trieste','Trieste','Piazza Luigi Amedeo Duca degli Abruzzi n.4','Guardia Costiera','040676611','cptrieste@mit.gov.it'),
			('Ufficio Locale Marittimo di Lignano Sabbiadoro','Lignano Sabbiadoro','Viale Italia n.50','Guardia Costiera','0431724004', null),
			('Ufficio Locale Marittimo di Marano Lagunare','Marano','Via Serenissima n. 30/A','Guardia Costiera','043167301', null),
			('Capitaneria di Porto di Roma Fiumicino', 'Fiumicino','Viale Traiano n. 37','Guardia Costiera','06656171','cproma@mit.gov.it'),
			('Capitaneria di Porto di Gaeta','Gaeta','Via Docibile n. 25','Guardia Costiera','0771460100','cpgaeta@mit.gov.it'),
			('Direzione Marittima di Civitavecchia','Civitavecchia','Calata Laurenti n. 16','Guardia Costiera','076619431','civitavecchia@guardiacostiera.it'),
			('Ufficio Locale Marittimo di Ladispoli','Ladispoli','Via Tre Pesci','Guardia Costiera', '07661943530','lcladispoli@mit.gov.it'),
			('Aereoporto Internazionale di Roma-Ciampino','Ciampino','Via Appia Nuova','Aereonautica','0665951',null),
			('Direzione Marittima di Genova','Genova', 'Via Magazzini Generali n. 4', 'Guardia Costiera', '01027771', 'cpgenova@mit.gov.it'),
			('Vigili del Fuoco Comando Provinciale Genova','Genova', 'Via Magazzini Generali n. 4', 'Vigili del Fuoco', '010 24411', null),
			('Arsenale Militare Marittimo di La Spezia','La Spezia','Viale Giovanni Amendola n.1','Aereoporto Militare','0187784695',null),
			('Capitaneria di Porto di La Spezia', 'La Spezia', 'Largo Michele Fiorillo n. 2', 'Guardia Costiera', '01872581','cplaspezia@mit.gov.it'),
			('Ufficio Locale Marittimo di Portofino','Portofino','Calata Marconi n. 47/48', 'Guardia Costiera','0185269040','lcportofino@mit.gov.it'),
			('Capitaneria di Porto di Savona','Savona','Lungomare Giacomo Matteotti n. 4/b', 'Guardia Costiera','019856666','cpsavona@mit.gov.it'),
			('Ufficio Locale Marittimo di Arenzano','Arenzano','Via P.N. Cambiaso n. 4','Guardia Costiera','0109124537','lcarenzano@mit.gov.it'),
			('Marina Militare di Genova','Genova','Via Pionere e Aviatore n.44','Marina Militare','0106513952',null),
			('Vigili del Fuoco di Savona','Savona','Via Nizza', 'Vigili del Fuoco','019230131',null),
			('Aeroporto di Sarzana-Luni','Sarzana','Via Alta','Marina Militare','0914254312',null),
			('Capitaneria di Porto di Pesaro','Pesaro','Calata Caio Duilio, n° 47','Guardia Costiera','0721177831','cppesaro@mit.gov.it'),
			('Direzione Marittima di Ancona','Ancona','Via Banchina Nazario Sauro, 18','Guardia Costiera','071227581','cpancona@mit.gov.it'),
			('Ufficio Circondariale Marittimo di Porto San Giorgio','San Giorgio','Viale della Vittoria n.158' ,'Guardia Costiera','0734676304','ucportosangiorgio@mit.gov.it'),
			('Capitaneria di Porto di Termoli','Termoli','Viale della Guardia Costiera n.38', 'Guardia Costiera',' 0875706484','cptermoli@mit.gov.it'),
			('Comando Stazione Navale Taranto','Taranto','Viale Jonio, 2','Marina Militare', '0997734203','maristanav.ta@marina.difesa.it'),
			('Direzione Marittima di Bari','Bari','Lungomare Antonio De Tullio n. 1','Guardia Costiera','0805281511','bari@guardiacostiera.it'),
			('Ufficio Locale Marittimo di Trani','Trani','Via Banchina Al Porto','Guardia Costiera', '0883583763','lctrani@mit.gov.it'),
			('Capitaneria di porto di Taranto','Taranto','Largo Arcivescovado n. 17', 'Guardia Costiera','0994713611','cptaranto@mit.gov.it'),
			('Ufficio Circondariale Marittimo di Otranto','Otranto','Via Guardia Costiera','Guardia Costiera','0836801073','ucotranto@mit.gov.it'),
			('Vigili del Fuoco','Otranto','Via de Pascalis n.3','Vigili del Fuoco','0836428715',null),
			('Stazione Aereomobili della Marina Militare','Grottaglie','Strada Statale 7','Aereonautica','0995629858',null),
			('Direzione Marittima di Cagliari','Cagliari','Direzione Marittima - Piazza Deffenu, 16','Guardia Costiera','070678861','cpcagliari@mit.gov.it'),
			('Direzione Marittima di Olbia','Olbia','Viale Isola Bianca n. 8','Guardia Costiera', '078956360','cpolbia@mit.gov.it'),
			('Ufficio Locale Marittimo di Porto Cervo','Porto Cervo','Via Molo Vecchio','Guardia Costiera','0789563648','lcportocervo@mit.gov.it'),
			('Capitaneria di Porto AMS di Messina','Messina','Via Garibaldi n. 245','Guardia Costiera','09045830','cpmessina@mit.gov.it'),
			('Ufficio Circondariale Marittimo di Lampedusa Isola','Lampedusa','Piazza Castello n.18','Guardia Costiera','0922970141','uclampedusa@mit.gov.it'),
			('Direzione Marittima di Palermo','Palermo','Francesco Crispi n. 153','Guardia Costiera','0916043111','palermo@guardiacostiera.it;'),
			('Forze Armate Marina Militare','Catania','Strada Statale Primosole','Aereonautica','0957358111',null),
			('Guardia di Finanza','Lampedusa','Lungomare Luigi Rizzo','Guardia di Finanza','0922971222', null),
			('Aeroporto di Catania-Fontanarossa','Catania','Via Fontanarossa','Marina Militare','0957239111',null),
			('Direzione Marittima di Livorno','Livorno','Piazza della Sanità n. 1','Guardia Costiera','0586826011','cplivorno@guardiacostiera.gov.it'),
			('Stazione Carabinieri Livorno Porto','Livorno','Via della Pieve n. 8','Carabinieri','0586808002',null),
			('Ufficio Locale Marittimo di Giglio Isola','Giglio','Via Umberto I n. 64','Guardia Costiera','0564809480','lcgiglio@guardiacostiera.gov.it'),
			('Ufficio Locale Marittimo di Porto Ercole','Porto Ercole','Lungomare Andrea Doria n.93','Guardia Costiera','0564833923','lcportoercole@mit.gov.it'),
			('Ufficio Circondariale Marittimo di Porto Santo Stefano', 'Porto Santo Stefano','Via G.Civinini n. 2','Guardia Costiera','0564816200','ucportosantostefano@mit.gov.it'),
			('Guardia di Finanza','Livorno','Piazza della Fiamme Gialle n.2','Guardia di Finanza','0586891108',null),
			('Vigili del Fuoco','Livorno','Via Campania n.5','Vigili del Fuoco','058686811','livorno@cert.vigilfuoco.it'),
			('Guardia di Finanza','Carrara','Viale Lungomare di Ponente n. 2','Guardia di Finanza','0585244584',null),
			('Aereoporto MIlitare di Grosseto','Grosseto','Via Provinciale Castiglionese','Aereonautica','0564445999', null),
			('Ufficio Circondariale Marittimo di Jesolo','Jesolo','Via del Faro n. 24','Guardia Costiera','041968962','ucjesolo@mit.gov.it'),
			('Direzione Marittima di Venezia','Venezia','Dorsoduro n. 1408','Guardia Costiera','0412405711','dm.venezia@pec.mit.gov.it'),
			('Ufficio Circondariale Marittimo di Caorle','Caorle','Via Timavo n. 17','Guardia Costiera','0421210290','caorle@guardiacostiera.it'),
			('Aereoporto di Milano Linate','Milano','Viale Enrico Forlanini','Aereonautica','02232323',null);
		
INSERT INTO responsabile (codicefiscale,nome,cognome,datadinascita)
VALUES	('CHFNC60S14C129Q','Schettino','Francesco','1960-11-14'),
		('RSSSFO70B68A509D','Rossi','Sofia','1970-02-28'), 
		('FRRLRD69M17E463Q','Ferrari','Leonardo','1969-08-17'), 
		('RZZRCR64T17G273P','Rizzo','Riccardo','1964-12-17'),
		('GLLDRD62D05F052T','Gallo','Edoardo','1962-04-05'),
		('RPRJNN61E16Z329N','Rupert','Johann','1961-05-16'),
		('PRSGRL67R15D403Q','Parisi','Gabriele','1967-10-15'),
		('RVIGPP68P06H501D','Riva','Giuseppe','1968-09-06'),
		('GRSGRT61M06L219I','Grasso','Greta','1961-08-06'),
		('BRNTMS55B04C352I','Barone','Tommaso','1955-02-04'),
		('MZZMTT66P18A326X','Mazza','Mattia','1966-09-18'),
		('MSSNDR63A01C351O','Messina','Andrea','1963-01-01'),
		('DNGNGL55T25H501L','D angelo','Angelo','1955-12-25'),
		('NGRRND59E28D612U','Negri','Orlando','1959-05-28'),
		('BLKHSN62A16Z203M','Bolkiah','Hassanal','1962-01-16'),
		('SPRRNT40P12D969E','Superina','Renato','1940-09-12'),
		('GCMRGL52E18E463S','Giacomazzi','Argilio','1952-05-18'),
		('CSLPLA63D43B153R','Casale','Paola','1963-04-03'),
		('MSCMLD62E49H924U','Moschin','Matilde','1962-05-09'),
		('BRRSDR84P49I153I','Barraco','Sandra','1984-09-09'),
		('BRTCCT80E58F411U','Bertosso','Concetta','1980-09-18'),
		('MLFNCN36B11G088R','Malfatti','Innocenzo','1936-02-11'),
		('MNTLGE64B22I854M','Montanini','Eligio','1964-02-22'),
		('CLLGRL73D17B264H','Cella','Gabriele','1973-04-17'),
		('TSCPPN76C02C461O','Toscanelli','Pomponio','1976-03-02'),
		('RCCSDR34A07A542E','Rocca','Sandro','1934-01-07'),
		('RNCCLL39T25L986N','Roncaglia','Achille','1939-12-25'),
		('VLISVT49L27I903I','Violi','Salvatore','1949-07-27'),
		('PLNRRT51R08D969O','Paoloni','Roberto','1951-10-08'),
		('CHSGUO56C03G113B','Chessa','Ugo','1956-03-03'),
		('SYCNLY35E13Z139E','Sychev','Nikolay','1935-05-13'),
		('SNNMCL50R14B354W','Sanna','Marcello','1950-10-14'),
		('LNRMST17M29D088R','Lunardello','Modesto','1967-08-29'),
		('TLMLGU50L16E502O','Talami','Luigi','1950-07-16'),
		('LNGRST69R11E229P','Longetti','Ernesto','1969-10-11'),
		('CSCGRM63S08I109C','Ceschi','Geremia','1963-11-08'),
		('PREGDU97M30B293E','Pera','Guido','1977-08-30'),
		('FGGNNL67T02C438W','Faggi','Antonello','1967-12-02'),
		('PRGMTT59P04E976F','Pergola','Matteo','1959-09-04'),
		('BRGLSN53S15B377M','Bregallini','Alessandro','1953-11-15'),
		('RSCTDR51L23C105M','Arisci','Teodoro','1951-07-23'),
		('BRTGLM69C31D768A','Bertucci','Gerolamo','1969-03-31'),
		('SHKTBH72P14Z236X','Sheik','Tourab Ahmed ','1972-09-14'),
		('PLLRRT64T31G436B','Pollini','Roberto','1964-12-31'),
		('LLTRND62S30B687N','Alliati','Rolando','1962-11-30'),
		('VTLBRT70R08B802A','Vitelleschi','Umberto','1970-10-08'),
		('BBTDNL69S05D713W','Abbatantuono','Danilo','1969-11-05'),
		('PSCMSM61H12H334X','Pescatori','Massimiliano','1961-06-12'),
		('SNZGLM66A18F676Y','Sanzo','Girolamo','1966-01-18'),
		('CSLDTL56S06L937X','Casaloldo','Donatello','1959-11-06'),
		('RDZLRI63T06F404B','Ardizzon','Ilario','1969-12-06'),
		('FRSGLI59B10D445J','Frusin','Gioele','1959-02-10'),
		('PRZFNZ55P02H056R','Perazzoli','Fiorenzo','1955-08-02'),
		('HJNLCS42B18Z211M','Haji-Ioannou','Lucas','1942-02-18'),
		('SMNWLD69L15Z326I','Osman','Walid','1969-07-15'),
		('LTANTN42D12C352D','Antonio','Alati','1942-04-12'),
		('RYALAI70L17Z368T','Rayan','Amalti','1970-10-17'),
		('CNTGTN40B03F772L','Gaetano','Cantalupo','1940-02-03');
		
		
INSERT INTO navi (matricola, nome, tipologia, immersione, bandiera, equipaggio, lunghezza, larghezza, peso, velocità, dataimpostazione, responsabile, nomestruttura, cittastruttura)
VALUES	('24715850', 'Costa Concordia', 'nave da crociera', '8.29', 'Italia', '1100', '290.20', '35.5', '114147', '23', '2004-11-8', 'CHFNC60S14C129Q', null, null),
		('G 104', 'Apruzzi', 'guardacoste', null , 'Italia', '12', '26.8', '7.65', '94', '43', null, 'DNGNGL55T25H501L', 'Guardia di Finanza', 'Livorno'), 
		('CP 892' , null, 'motovedetta', '0.85', 'Italia', '4', '11', '4.2', '11', '33', null, 'BLKHSN62A16Z203M', 'Capitaneria di Porto di Gaeta', 'Gaeta'),
		('CP 286', null, 'motovedetta', '0.90', 'Italia', '8', '25', '5.70', '58', '34', null, 'RPRJNN61E16Z329N', 'Direzione Marittima di Livorno', 'Livorno' ),
		('CP 406', 'Scialoja', 'motovedetta', '1.80', 'Italia', '16', '29.50', '6.70', '136', '18', null, 'RZZRCR64T17G273P', 'Direzione Marittima di Livorno', 'Livorno'),
		('CP 803', null, 'motovedetta', '0.85', 'Italia', '4', '11', '4.2', '11', '33', null, 'PLNRRT51R08D969O' , 'Ufficio Circondariale Marittimo di Porto Santo Stefano', 'Porto Santo Stefano' ),
		('PS 468', null, 'motovedetta', '0.78', 'Italia', '8', '13.5', '4.2', '13', '35',null , 'TSCPPN76C02C461O' , 'Ufficio Polizia di Frontiera Marittima di Napoli', 'Napoli'),
		('CP 2117', null, 'motovedetta', '1.13', 'Italia', '8','13.14', '3.78', '14', '22', null, 'BRTCCT80E58F411U' ,'Capitaneria di Porto di La Spezia', 'La Spezia'),
		('CP 305', null, 'motovedetta', '1.07', 'Italia', '4', '18.80', '6.10', '30', '30', null, 'GRSGRT61M06L219I' , 'Direzione Marittima di Genova', 'Genova'),
		('CP 2104', null, 'motovedetta', '0.95', 'Italia', '4', '13.5', '3.9', '11', '21', null, 'GLLDRD62D05F052T', 'Direzione Marittima di Genova', 'Genova'),
		('CP 284', null, 'motovedetta', '0.90', 'Italia', '8', '25', '5.70', '53', '34', null, 'FGGNNL67T02C438W', 'Capitaneria di Porto di Roma Fiumicino', 'Fiumicino'),
		('CP 2087', null, 'motovedetta', '1.1', 'Italia', '4', '13.50', '3.96', '11', '23', null, 'FRRLRD69M17E463Q', 'Ufficio Circondariale Marittimo di Porto Santo Stefano', 'Porto Santo Stefano'),
		('CC 701', null, 'motovedetta', '1.01', 'Italia', '6', '20.25', '4.3', '60', '35', null, 'BRRSDR84P49I153I', 'Stazione Carabinieri Livorno Porto', 'Livorno'),
		('G 625', null, 'vedetta', '0.90', 'Italia', '8', '23', '5.6', null , '40', null, 'BRTGLM69C31D768A', 'Guardia di Finanza', 'Carrara'),
		('G 2009', null, 'vedetta', null, 'Italia', '4', '13.20', '3.5', '11', '45', null ,'CLLGRL73D17B264H', 'Guardia di Finanza', 'Livorno'),
		('G 121', 'Urso', 'vedetta', '0.90', 'Italia', '12', '25.40', '6.95', '90', '42', null, 'MNTLGE64B22I854M', 'Guardia di Finanza', 'Carrara'),
		('G 6002', null, 'vedetta',null, 'Italia', '4', '16.43', '2.84', '15', '70', null, 'RCCSDR34A07A542E', 'Guardia di Finanza', 'Livorno'),
		('6808806', 'Moby Prince', 'traghetto', '5.1', 'Italia', '1490', '131.02', '20.48', '6682', '19', '1968-02-02', 'CHSGUO56C03G113B', null, null),
		('4313', 'Agip Abruzzo', 'petroliera', '3.03', 'Italia', '30' , '330.7', '51.81', '127070', '16', '1976-09-18', 'SPRRNT40P12D969E', null, null),
		('3728124', null, 'motovedetta', null, 'Italia', '8', '28', '6', null, '15','1983-11-21', 'CSLPLA63D43B153R', 'Vigili del Fuoco','Livorno'),
		('CP 232',null, 'motovedetta', null,'Italia', '4', '13', '4', null, '12', null, 'BRNTMS55B04C352I', 'Direzione Marittima di Livorno', 'Livorno'),
		('CP 231',null, 'Motovedetta', null,'Italia', '3', '9', '3', null, '11',null,'MLFNCN36B11G088R','Direzione Marittima di Livorno','Livorno'),
		('3647281', null, 'Motoscafo', null, 'Italia', '7', '26', '6', null, '19','1989-03-06','RNCCLL39T25L986N','Guardia di Finanza','Livorno'),
		('247277400', 'Norman Atlantic', 'traghetto', '6.71', 'Italia', '840', '186', '25.6', '26904', '23', '2009-11-02', 'GCMRGL52E18E463S', null, null),
		('L9892', 'SanGiorgio', 'nave da guerra anfibia', '5.8', 'Italia', '400' ,'133.3' ,'20.5' ,'1000' , '21', '1985-05-27', 'MZZMTT66P18A326X', 'Comando Stazione Navale Taranto', 'Taranto'),
		('CP 309', null , 'motovedetta', '1.07', 'Italia', '4', '18.8', '6.1', '30', '32', '2009-10-08', 'RVIGPP68P06H501D', 'Ufficio Locale Marittimo di Trani', 'Trani'),
		('CP 310', null , 'motovedetta', '1.07', 'Italia', '4', '18.8', '6.1', '30', '32', '2009-01-01', 'PRSGRL67R15D403Q', 'Ufficio Locale Marittimo di Trani', 'Trani'),
		('CP 263', null , 'motovedetta', '0.9', 'Italia', '8', '25', '5.7', '58', '24',  '2010-06-03', 'MSSNDR63A01C351O', 'Direzione Marittima di Bari', 'Bari'),
		('CP 809', null , 'motovedetta', '0.9', 'Italia', '8', '25', '5.7', '58', '24',  '2010-10-26', 'RDZLRI63T06F404B', 'Direzione Marittima di Bari', 'Bari'),
		('581803', null, 'natante antincendio', null, 'Italia', '8', '28', null, null, '15', null, 'FRSGLI59B10D445J', 'Vigili del Fuoco', 'Otranto'),
		('247170400', 'Jolly Nero', 'Cargo', '9', 'Italia', '30', '224', '30.50', '40594', '22', '1975-07-21', 'PLNRRT51R08D969O', null, null),
		('CP 601', null,  'motovedetta', '0.85', 'Italia', '3', '11.43', '3.1', '12', '43', '2009-09-17', 'PSCMSM61H12H334X', 'Direzione Marittima di Genova','Genova'),
		('701748729', null, 'unità navale veloce', null, 'Italia', '12', '15', null, null, '27', null, 'VTLBRT70R08B802A', 'Vigili del Fuoco Comando Provinciale Genova', 'Genova'),
		('7235044','Komsomolets Kalmykii', 'Cargo', '8.9', 'Russia', '36', '130', '17.8','5923', '15', '1968-08-17', 'SYCNLY35E13Z139E', null, null),
		('7312593', 'Vigore', 'rimorchiatore','3.50', 'Italia', '6','28.22', '8.64', '227', '6', '1972-11-20', 'SNNMCL50R14B354W', 'Direzione Marittima di Cagliari', 'Cagliari'),
		('6381828', 'F174', 'peschereccio', null, 'Pakistan', '3', null,  null, null,  null, null, 'SHKTBH72P14Z236X',null,null),
		('7304302', 'Haven', 'petroliera', '20', 'Cipro', '36', '344', '51', '232166', '15', '1973-04-05', 'HJNLCS42B18Z211M', null, null),
		('F 551', null, 'corvetta', '3.2', 'Italia', '113', '87', '10.5', '1285', '25', '1985-03-11', 'LTANTN42D12C352D', 'Marina Militare di Genova','Genova'),
		('27480720', null, 'motobarca', null, 'Italia', '4', '15.3', '5.6', '25', '28', null, 'RSCTDR51L23C105M', 'Vigili del Fuoco Comando Provinciale Genova', 'Genova'),
		('9827477', null, 'motobarca', null, 'Italia', '4', '15.3', '5.6', '25', '28', null, 'TLMLGU50L16E502O', 'Vigili del Fuoco Comando Provinciale Genova', 'Genova'),
		('5645270', null, 'motobarca', null, 'Italia', '4', '15.3', '5.6', '25', '28', null, 'PRZFNZ55P02H056R', 'Vigili del Fuoco Comando Provinciale Genova', 'Genova'),
		('4987972', null, 'motobarca', null, 'Italia', '4', '15.3', '5.6', '25', '28', null, 'BRGLSN53S15B377M', 'Vigili del Fuoco di Savona','Savona'),
		('2090953', null, 'motobarca', null, 'Italia', '4', '15.3', '5.6', '25', '28', null, 'HJNLCS42B18Z211M', 'Vigili del Fuoco di Savona','Savona'),
		('6948724', null, 'unita antincendio', null, 'Italia', '8', '28', '7.8', null, '15', null, 'PRGMTT59P04E976F', 'Vigili del Fuoco Comando Provinciale Genova', 'Genova'),	
		('7027494', null, 'unita antincendio', null, 'Italia', '8', '28', '7.8', null, '15', null, 'CSLDTL56S06L937X', 'Vigili del Fuoco di Savona','Savona'),
		('CP 2011', null , 'componente costiera', '1.1', 'Italia', '4', '12.54', '3.6', '11', '24', '1974-02-18', 'VLISVT49L27I903I', 'Capitaneria di Porto di Savona','Savona'),	
		('CP 2033', null, 'componente costiera', '1.1', 'Italia', '4', '13.14', '3.96', '11', '22',null ,'MSCMLD62E49H924U', 'Direzione Marittima di Genova', 'Genova'),	
		('1293454', null, 'peschereccio', null, 'Libia', '3', '20', '4', null, null, null, 'SMNWLD69L15Z326I', null, null),
		('CP 301', null, 'altura veloce' , '1.07', 'Italia', '4', '18.8', '6.1', '30', '30', '2009-08-05', 'LNGRST69R11E229P', 'Ufficio Circondariale Marittimo di Lampedusa Isola', 'Lampedusa'),
		('CP 312', null, 'altura veloce' , '1.07', 'Italia', '4', '18.8', '6.1', '30', '30', '2009-08-05', 'PREGDU97M30B293E', 'Ufficio Circondariale Marittimo di Lampedusa Isola', 'Lampedusa'),
		('CP 2092', null, 'componente costiera', '1.1', 'Italia', '4', '13.14', '3.96', '11', '22', '2002-04-19', 'LNRMST17M29D088R', 'Ufficio Circondariale Marittimo di Lampedusa Isola','Lampedusa'),
		('8732748', null, 'peschereccio', null, 'Eritrea', '2', '16', '3', null, null, null, 'RYALAI70L17Z368T', null, null),
		('CP 940', null, 'supporto multiruolo', '5.4', 'Italia', '41', '94.2', '20.5', '3500', '18', '2013-09-25', 'FGGNNL67T02C438W', 'Ufficio Circondariale Marittimo di Lampedusa Isola','Lampedusa'),
		('CP 319', null, 'altura veloce' , '1.07', 'Italia', '4', '18.8', '6.1', '30', '30', '2009-08-05', 'SMNWLD69L15Z326I', 'Ufficio Circondariale Marittimo di Lampedusa Isola','Lampedusa'),
		('CP 328', null, 'altura veloce' , '1.07', 'Italia', '4', '18.8', '6.1', '30', '30', '2009-08-05', 'BBTDNL69S05D713W', 'Ufficio Circondariale Marittimo di Lampedusa Isola','Lampedusa'),
		('CP 2091', null, 'componente costiera', '1.1', 'Italia', '4', '13.14', '3.96', '11', '22', '2002-04-19', 'CNTGTN40B03F772L','Vigili del Fuoco Comando Provinciale Genova', 'Genova');

INSERT INTO coinvolgimento (nave, codice)
VALUES 	('24715850','000001'),
		('6808806','000002'),
		('4313','000002'),
		('247277400','000003'),
		('247170400','000004'),
		('7235044','000005'),
		('6381828','000006'),
		('7304302','000007'),
		('1293454','000008'),
		('8732748','000009'),
		('CP 2092', '000010');

INSERT INTO fornisce(soccorso,nomestruttura,cittastruttura)
VALUES	('000001','Guardia di Finanza','Livorno'),
		('000001','Direzione Marittima di Livorno','Livorno'),
		('000001','Aereoporto MIlitare di Grosseto','Grosseto'),
		('000001','Vigili del Fuoco','Livorno'),
		('000001','Capitaneria di Porto di Gaeta', 'Gaeta'),
		('000001','Ufficio Circondariale Marittimo di Porto Santo Stefano', 'Porto Santo Stefano'),
		('000001','Ufficio Polizia di Frontiera Marittima di Napoli', 'Napoli'),
		('000001', 'Capitaneria di Porto di La Spezia', 'La Spezia'),
		('000001', 'Direzione Marittima di Genova', 'Genova'),
		('000001', 'Capitaneria di Porto di Roma Fiumicino', 'Fiumicino'),
		('000001', 'Stazione Carabinieri Livorno Porto', 'Livorno'),
		('000001', 'Guardia di Finanza', 'Carrara'),
		('000002','Vigili del Fuoco','Livorno'),
		('000002','Direzione Marittima di Livorno','Livorno'),
		('000002','Guardia di Finanza','Livorno'),
		('000003','Stazione Aereomobili della Marina Militare','Grottaglie'),
		('000003','Forze Armate Marina Militare','Catania'),
		('000003','Comando Stazione Navale Taranto', 'Taranto'),
		('000003', 'Ufficio Locale Marittimo di Trani', 'Trani'),
		('000003', 'Direzione Marittima di Bari', 'Bari'),
		('000003', 'Vigili del Fuoco', 'Otranto'),
		('000004', 'Direzione Marittima di Genova', 'Genova'),
		('000004', 'Vigili del Fuoco Comando Provinciale Genova', 'Genova'),
		('000004','Aereoporto MIlitare di Grosseto','Grosseto'),	
		('000005','Direzione Marittima di Cagliari','Cagliari'),
		('000007','Capitaneria di Porto di Savona','Savona'),
		('000007','Direzione Marittima di Genova','Genova'),
		('000007','Marina Militare di Genova','Genova'),
		('000007','Vigili del Fuoco Comando Provinciale Genova','Genova'),
		('000007','Vigili del Fuoco di Savona','Savona'),
		('000008','Ufficio Circondariale Marittimo di Lampedusa Isola','Lampedusa'),
		('000009','Ufficio Circondariale Marittimo di Lampedusa Isola','Lampedusa'),
		('000010', 'Vigili del Fuoco Comando Provinciale Genova', 'Genova');

INSERT INTO sinistro (codice, dataeorasinistro, nnavicoinvolte, tipologia, causa, citta)
VALUES 	('000001','2012-01-13 21:45:00','1','Naufragio', 'Incagliamento','Giglio'),				
		('000002','1991-04-10 22:03:00','2','Collisione', 'Errore umano', 'Livorno'),				
		('000004','2013-05-07 23:05:00','1','Collisione','Errore umano','Genova'),					
		('000005','1974-12-31 15:07:00','1','Affondamento','Cause naturali','Villasimius'),		
		('000007','1991-04-11 12:30:00','1','Affondamento', 'Esplosione', 'Arenzano'),				
		('000008','2013-10-03 06:40:00','1','Affondamento', 'Cause naturali', 'Lampedusa'),		
		('000010','2022-06-04  16:00:00','1','Incendio','Cause naturali','Genova');

INSERT INTO sinistro (codice, dataeorasinistro, nnavicoinvolte, tipologia, causa, coordinate)
VALUES  ('000003','2014-12-28 04:30:00','1','Incendio', 'Errore umano', '40.33N, 19.10E'),			
		('000006','1996-12-25 23:00:00','1','Affondamento','Cause naturali','36.25N 14.54E'),		
		('000009','2015-04-18 23:39:00','1','Naufragio', 'Cause naturali', '36.11N 12.05E');		
		

		
INSERT INTO soccorso (codice, dataeorainizio, dataeorafine)
VALUES	('000001', '2012-01-13 22:16:00', '2012-01-14 05:45:00'),
		('000002', '1991-04-10 23:35:00', '1991-04-11 10:15:00'),
		('000003', '2014-12-28 04:57:00', '2014-12-29 18:40:00'),
		('000004', '2013-05-07 23:13:00', '2013-05-08 02:30:00'),
		('000005', '1974-12-31 18:10:00', '1974-12-31 19:30:00'),
		('000007', '1991-04-11 12:40:00', '1991-04-14 22:25:00'),
		('000008', '2013-10-03 07:35:00', '2013-10-03 23:30:00'),
		('000009', '2015-04-18 23:57:00', '2015-04-19 21:48:00'),
		('000010', '2022-06-04 16:21:00', null );
		



INSERT INTO conseguenze(codice, nferiti, nmorti, area)
VALUES 	('000001','110','32','15'),
		('000002','1','140','45'),
		('000003','60','11','5'),
		('000004','4','9','8'),
		('000005','20','8','3'),
		('000006','27','283','1'),		
		('000007','23','5','660'),
		('000008','20','368','1'),
		('000009','345','525','1'),
		('000010','22','13','1');



INSERT INTO utilizzonavi (soccorso, nave)
VALUES	('000001', 'G 104'),
		('000001', 'CP 892'),
		('000001', 'CP 286'),
		('000001', 'CP 406'),
		('000001', 'CP 803'),
		('000001', 'PS 468'),
		('000001', 'CP 2117'),
		('000001', 'CP 305'),
		('000001', 'CP 2104'),
		('000001', 'CP 284'),
		('000001', 'CP 2087'),
		('000001', 'CC 701'),
		('000001', 'G 625'),
		('000001', 'G 2009'),
		('000001', 'G 121'),
		('000001', 'G 6002'),
		('000002', '3728124'),
		('000002', 'CP 232'),
		('000002', 'CP 231'),
		('000002', '3647281'),
		('000003', 'L9892'),
		('000003', 'CP 309'),
		('000003', 'CP 310'),
		('000003', 'CP 263'),
		('000003', 'CP 809'),
		('000003', '581803'),
		('000004', 'CP 601'),
		('000004', '701748729'),
		('000005', '7312593'),
		('000007', 'CP 305'),
		('000007', 'CP 2104'),
		('000007','F 551'),
		('000007','27480720'),
		('000007', '9827477'),
		('000007','5645270'),
		('000007', '4987972'),
		('000007', '2090953'),
		('000007', '6948724'),
		('000007', '7027494'),
		('000007', 'CP 2011'),
		('000007', 'CP 2033'),
		('000008', 'CP 301'),
		('000008', 'CP 312'),
		('000008', 'CP 2092'),
		('000008', 'CP 940'),
		('000009', 'CP 940'),
		('000009', 'CP 319'),
		('000009', 'CP 328'),
		('000009', 'CP 2092'),
		('000009', 'CP 301'),
		('000010', '701748729');			
			
INSERT INTO aerei (matricola,tipologia,quota,equipaggio,lunghezza,larghezza,peso,velocità,potenza,dataimpostazione,nomestruttura,cittastruttura)
VALUES	('15-11','Elicottero medio','5790','2','16.65','13.80','3622','310','1142000','2001-02-03','Aereoporto Internazionale di Roma-Ciampino','Ciampino'),
		('31-12','Elicottero medio','5790','2','16.65','13.80','3622','310','1142000','2001-02-03','Aereoporto Internazionale di Roma-Ciampino','Ciampino'),
		('72-13','Elicottero medio','5790','2','16.65','13.80','3622','310','1142000','2001-02-03','Aereoporto Internazionale di Roma-Ciampino','Ciampino'),
		('15-18','Elicottero medio','4571','4','22.1','19','5125','256','920000','1976-01-25','Aereoporto MIlitare di Grosseto','Grosseto'),
		('9-9','Elicottero','5180','14','17.40','14.60','2676','240','1342000','1969-04-15','Aereoporto di Milano Linate','Milano'),
		('15-9','Elicottero','5180','14','17.40','14.60','2676','240','1342000','1969-04-16','Aereoporto di Milano Linate','Milano'),  
		('15-2','Elicottero','4575','20','22.81','18.59','960','309','1725','1987-10-17','Stazione Aereomobili della Marina Militare','Grottaglie'),
		('9-5','Elicottero','4575','20','22.81','18.59','960','309','1725','1987-10-20','Stazione Aereomobili della Marina Militare','Grottaglie'),
		('17-7','Elicottero','4575','20','22.81','18.59','960','309','1725','1987-10-24','Stazione Aereomobili della Marina Militare','Grottaglie'),
		('75-21','Elicottero','42672','4','16.13','16.3','6','315','1142000','2010-05-06','Aeroporto di Catania-Fontanarossa','Catania'),
		('11-34','Aereo','15','1','15.6','42.7','6000','19756','187000','2012-09-11','Aeroporto di Sarzana-Luni','Sarzana');
	
INSERT INTO utilizzoaerei (soccorso, aereo)
VALUES 	('000001','15-11'),
		('000001','31-12'),
		('000001','72-13'),
		('000002','15-18'),
		('000002','9-9'),
		('000002','15-9'),
		('000003','15-2'),
		('000003','9-5'),
		('000003','17-7'),
		('000004','15-11'),
		('000004','31-12'),
		('000007','15-18'),
		('000007','9-9'),
		('000007','15-9');



INSERT INTO personale( nome, cognome, datadinascita, codicefiscale, grado, datacongedo,inizioservizioattuale, nomestruttura, cittastruttura)
VALUES 	('Sergio','Albanese','1944-11-03','LBNSRG44S03A662L','Comandante','1991-09-12',null, null, null),
		('Paola','Casale','1963-04-03','CSLPLA63D43B153R','Colonnello',null,'1994-08-18','Vigili del Fuoco', 'Livorno'),
		('Matilde','Moschin','1962-05-09','MSCMLD62E49H924U','Tenente Colonnello','2022-06-26',null,null, null),
		('Innocenzo','Malfatti','1936-02-11','MLFNCN36B11G088R','Generale di Corpo d Armata','2000-06-11',null,null, null),
		('Achille','Roncaglia','1939-12-25','RNCCLL39T25L986N','Generale di Corpo d Armata','2000-01-16',null,null, null),
		('Mattia','Mazza','1966-09-18','MZZMTT66P18A326X','Colonnello',null,'2000-06-14','Comando Stazione Navale Taranto', 'Taranto'),
		('Giuseppe','Riva','1968-09-06','RVIGPP68P06H501D','Maresciallo',null,'1996-05-15', 'Ufficio Locale Marittimo di Trani', 'Trani'),
		('Gabriele','Parisi','1967-10-15','PRSGRL67R15D403Q','Maresciallo',null,'2001-11-17', 'Ufficio Locale Marittimo di Trani', 'Trani'),
		('Andrea','Messina','1963-01-01','MSSNDR63A01C351O','Luogotenente',null,'2002-08-09', 'Direzione Marittima di Bari', 'Bari'),
		('Orlando','Negri','1959-05-28','NGRRND59E28D612U','Sottotenente','2019-07-03', null,null, null),
		('Gioele', 'Frusin', '1959-02-10', 'FRSGLI59B10D445J', 'Sottotenente', '2019-03-27',null, null, null),
		('Angelo','D angelo', '1955-12-25', 'DNGNGL55T25H501L', 'Capitano', '2016-04-25', null, null, null),
		('Hassanal','Bolkiah','1962-01-16','BLKHSN62A16Z203M','Tenente','2022-02-24',null, null, null),
		('Johann','Rupert','1961-05-16','RPRJNN61E16Z329N','Luogotenente','2021-05-29',null, null, null),
		('Riccardo', 'Rizzo', '1964-12-17', 'RZZRCR64T17G273P', 'Maggiore', null,'1983-12-08', 'Direzione Marittima di Livorno', 'Livorno'),
		('Roberto', 'Paoloni', '1951-10-08', 'PLNRRT51R08D969O', 'Comandante', '2013-08-15', null, null, null),
		('Pomponio', 'Toscanelli', '1976-03-02', 'TSCPPN76C02C461O', 'Capitano', null, '1996-06-23', 'Ufficio Polizia di Frontiera Marittima di Napoli', 'Napoli'),
		('Concetta','Bertosso','1980-09-18','BRTCCT80E58F411U','Capitano',null,'1996-06-23','Capitaneria di Porto di La Spezia', 'La Spezia'),
		('Greta', 'Grasso', '1961-08-06', 'GRSGRT61M06L219I' ,'Colonnello', '2021-10-09',null, null, null),
		('Edoardo', 'Gallo', '1962-04-05', 'GLLDRD62D05F052T', 'Colonnello', '2022-06-05',null, null, null),
		('Tommaso', 'Barone', '1955-02-04', 'BRNTMS55B04C352I', 'Generale di Brigata', '2016-05-11', null, null, null),
		('Leonardo','Ferrari','1969-08-17','FRRLRD69M17E463Q','Maggiore',null,'1990-12-15','Ufficio Circondariale Marittimo di Porto Santo Stefano', 'Porto Santo Stefano'),
		('Sandra','Barraco','1984-09-09','BRRSDR84P49I153I','Capitano',null,'2005-12-04','Stazione Carabinieri Livorno Porto', 'Livorno'),
		('Gerolamo','Bertucci','1969-03-31','BRTGLM69C31D768A','Tenente Colonnello',null,'1990-12-15','Guardia di Finanza', 'Carrara'),
		('Gabriele','Cella','1973-04-17','CLLGRL73D17B264H','Maggiore',null,'1992-12-11','Guardia di Finanza', 'Livorno'),
		('Eligio','Montanini','1964-02-22','MNTLGE64B22I854M','Generale di Brigata',null,'1985-02-15','Guardia di Finanza', 'Carrara'),
		('Sandro','Rocca','1961-01-07','RCCSDR61A07A542E','Generale di Divisione','2021-03-09',null,null, null),
		('Massimiliano','Pescatori','1961-06-12','PSCMSM61H12H334X','Maggiore','2021-08-12',null, null, null),
		('Umberto','Vitelleschi','1970-10-08','VTLBRT70R08B802A','Comandante',null,'1990-12-15','Vigili del Fuoco Comando Provinciale Genova', 'Genova'),
		('Marcello','Sanna','1950-10-14','SNNMCL50R14B354W','Capitano','2011-11-18', null,null, null),
		('Antonio','Alati','1942-04-12', 'LTANTN42D12C352D','Ammiraglio','2002-09-19', null,null, null),
		('Ilario','Ardizzon','1969-12-06','RDZLRI63T06F404B','Capitano',null,'1990-09-15','Direzione Marittima di Bari','Bari'),
		('Teodoro','Arisci','1951-07-23','RSCTDR51L23C105M','Direttore Dei Vigili del Fuoco','2012-09-28',null,null, null),
		('Fiorenzo','Perazzoli','1955-08-02','PRZFNZ55P02H056R', 'Vice Direttore Dei Vigili del Fuoco','2015-10-03',null,null, null),
		('Alessandro','Bregallini','1953-11-15','BRGLSN53S15B377M',' Primo Dirigente Direttore','2014-01-11',null, null, null),
		('Lucas','Haji-Ioannou','1942-02-18','HJNLCS42B18Z211M','Capo del Corpo','2002-03-18',null, null, null),
		('Matteo','Pergola','1959-09-04','PRGMTT59P04E976F','Vice Direttore Dei Vigili del Fuoco','2019-10-22',null, null, null),
		('Donatello','Casaloldo','1959-11-06','CSLDTL56S06L937X','Direttore Dei Vigili del Fuoco','2019-12-21',null, null, null),
		('Salvatore','Violi','1949-07-27','VLISVT49L27I903I','Contrammiraglio','2009-09-23',null, null, null),
		('Luigi','Talami','1950-07-16','TLMLGU50L16E502O','Tenente','2010-07-29',null, null, null),
		('Ernesto','Longetti','1969-10-11','LNGRST69R11E229P','Capitano',null,'1990-11-01', 'Ufficio Circondariale Marittimo di Lampedusa Isola', 'Lampedusa'),
		('Guido','Pera','1977-08-30','PREGDU97M30B293E','Luogotenente',null,'1999-02-15', 'Ufficio Circondariale Marittimo di Lampedusa Isola','Lampedusa'),
		('Modesto','Lunardello','1967-08-29','LNRMST17M29D088R','Capitano di corvetta',null,'1988-10-09', 'Ufficio Circondariale Marittimo di Lampedusa Isola','Lampedusa'),
		('Walid','Osman','1969-07-15','SMNWLD69L15Z326I','Capitano di fregata',null,'1990-01-15', 'Ufficio Circondariale Marittimo di Lampedusa Isola','Lampedusa'),
		('Danilo','Abbatantuono','1969-11-05','BBTDNL69S05D713W','Sottotenente di vascello',null,'1990-11-21', 'Ufficio Circondariale Marittimo di Lampedusa Isola','Lampedusa'),
		('Antonello','Faggi','1967-12-02','FGGNNL67T02C438W','Guardiamarina',null,'1989-07-16', 'Ufficio Circondariale Marittimo di Lampedusa Isola','Lampedusa'),
		('Piermarco','Bonalume','1984-04-27','BNLPMR84D27H795G','Sovrintendente',null,'2005-06-15', 'Guardia di Finanza', 'Livorno'),
		('Goffredo','Marcuz','1976-08-03','MRCGFR76M03D088Z','Ufficiale',null,'1995-12-15', 'Guardia di Finanza', 'Livorno'),
		('Galileo','Melilli','1976-11-02','MLLGLL76S02F220D','Ispettore',null,'1994-11-19', 'Guardia di Finanza', 'Livorno'),
		('Federico','Gavoto','1988-04-29','GVTFRC88D29E829M','Ispettore',null,'2009-05-11', 'Guardia di Finanza', 'Livorno'),
		('Letizia','Monni','1977-08-13','MNNLTZ77M53L653L','Appuntato',null,'1995-08-14', 'Guardia di Finanza', 'Livorno'),
		('Isidora','Magagnini','1971-07-25','MGGSDR71L65A000U','Finanziere', null,'1990-05-23','Guardia di Finanza', 'Livorno'),
		('Odilia','Mannoni','1990-02-06','MNNDLO90B46E805S','Finanziere',null,'2010-03-16', 'Guardia di Finanza', 'Livorno'),
		('Norma','Lioi','1975-01-12','LIONRM75A52C564P','Finanziere',null,'1994-03-21', 'Guardia di Finanza', 'Livorno'),
		('Raffaele','Pelizzola','1987-01-14','PLZRFL87A14H334L','Sottocapo',null,'2006-04-23', 'Capitaneria di Porto di Gaeta', 'Gaeta'),
		('Serafino','Agrioli','1984-03-06','GRLSFN84C06I985R','Sergente',null,'2003-01-17', 'Capitaneria di Porto di Gaeta', 'Gaeta'),
		('Franco','Vasi','1981-11-26','VSAFNC81S26H006Y','Capo di 1a classe',null,'2002-06-21', 'Direzione Marittima di Livorno', 'Livorno'),
		('Monica','Rivieri','1970-11-26','RVRMNC70S66I771X','Capo di 2a classe',null,'1990-11-18', 'Direzione Marittima di Livorno', 'Livorno'),
		('Ondina','Gottardini','1982-12-20','GTTNDN82T60C679M','Secondo capo scelto',null,'2003-02-07', 'Direzione Marittima di Livorno', 'Livorno'),
		('Attila','Grioni','1976-10-14','GRNTTL76R14M152D','Sergente',null,'1995-12-03', 'Direzione Marittima di Livorno', 'Livorno'),
		('Dionigi','Toffolo','1983-10-19','TFFDNG83R19A995A','Secondo capo', null,'2002-08-19','Direzione Marittima di Livorno', 'Livorno'),
		('Aureliano','Omini','1972-07-17','MNORLN72L17G047P','Sottocapo',null,'1993-02-05', 'Direzione Marittima di Livorno', 'Livorno'),
		('Natalina','Zuccarelli','1972-06-20','ZCCNLN72H60D244U','Luogotenente', null,'1991-05-23','Direzione Marittima di Livorno', 'Livorno'),
		('Apollonia','Stellari','1971-06-27','STLPLN71H67G188C','Primo Maresciallo', null,'1990-08-09','Direzione Marittima di Livorno', 'Livorno'),
		('Iolanda','Lai','1987-06-17','LAILND87H57H333Q','Luogotenente',null,'2006-05-23', 'Direzione Marittima di Livorno', 'Livorno'),
		('Bortolo','Minimo','1975-01-09','MNMBTL75A09B745Y','Capo di 1a classe',null,'1996-03-28', 'Direzione Marittima di Livorno', 'Livorno'),
		('Lucilla','Bovina','1981-05-19','BVNLLL81E59B706Z','Capo di 2a classe',null,'2003-07-13', 'Direzione Marittima di Livorno', 'Livorno'),
		('Arrigo','Bratta','1977-11-29','BRTRRG77S29C625X','Sergente',null,'1997-03-27', 'Direzione Marittima di Livorno', 'Livorno'),
		('Isidoro','Falcomer','1984-09-12','FLCSDR84P12B535D','Luogotenente',null,'2005-01-03', 'Ufficio Circondariale Marittimo di Porto Santo Stefano', 'Porto Santo Stefano' ),
		('Apollonia','Penza','1976-06-13','PNZPLN76H53D911S','Primo maresciallo',null,'1995-02-22', 'Ufficio Circondariale Marittimo di Porto Santo Stefano', 'Porto Santo Stefano' ),
		('Costanza','Biancarelli','1985-11-04','BNCCTN85S44I045S','Ispettore Superiore',null,'2005-01-11', 'Ufficio Polizia di Frontiera Marittima di Napoli', 'Napoli'),
		('Clemente','Giurato','1976-01-23','GRTCMN76A23I457V','Vice Ispettore',null,'1993-05-23', 'Ufficio Polizia di Frontiera Marittima di Napoli', 'Napoli'),
		('Silvia','Princisvalli','1974-11-10','PRNSLV74S50C362M','Commissario',null,'1993-05-23', 'Ufficio Polizia di Frontiera Marittima di Napoli', 'Napoli'),
		('Tolomeo','Ipocoana','1978-01-23','PCNTLM78A23D704U','Primo Dirigente',null,'1993-05-23', 'Ufficio Polizia di Frontiera Marittima di Napoli', 'Napoli'),
		('Tiziana','Cerrini','1985-01-08','CRRTZN85A48F147D','Capo di 1a classe',null,'2005-05-23', 'Capitaneria di Porto di La Spezia', 'La Spezia'),
		('Saul','Carolei','1993-04-17','CRLSLA93D17L912F','Sergente',null,'2004-03-19', 'Capitaneria di Porto di La Spezia', 'La Spezia'),
		('Brando','Ramagli','1995-02-28','RMGBND95B28G910F','Sergente',null,'2014-02-07', 'Capitaneria di Porto di La Spezia', 'La Spezia'),
		('Daria','Flores','1988-10-24','FLRDRA88R64I549J','Secondo capo scelto',null,'2008-01-13', 'Capitaneria di Porto di La Spezia', 'La Spezia'),
		('Romeo','Rugger','1981-07-10','RGGRMO81L10B305V','Sottocapo di 1a classe',null,'2001-12-12', 'Direzione Marittima di Genova', 'Genova'),
		('Tiziano','Zuliani','1987-09-05','ZLNTZN87P05B619H','Primo Maresciallo',null,'2006-02-16', 'Direzione Marittima di Genova', 'Genova'),
		('Omar','Marongiu','1988-10-19','MRNMRO88R19C137M','Primo lugotenente',null,'2009-02-04', 'Direzione Marittima di Genova', 'Genova'),
		('Antonio','Pizzolati','1970-04-05','PZZNTN70D05B232M','Capo di 3a classe',null,'1990-03-05', 'Direzione Marittima di Genova', 'Genova'),
		('Alda','Miccoli','1994-05-27','MCCLDA94E67D139X','Secondo capo',null, '2013-11-09', 'Capitaneria di Porto di Roma Fiumicino', 'Fiumicino'),
		('Natalina','Altobrandi','1993-12-07','LTBNLN93T47I032Z','Sergente',null, '2011-01-19', 'Capitaneria di Porto di Roma Fiumicino', 'Fiumicino'),
		('Santo','Di Berardino','1980-10-25','DBRSNT80R25E863V','Sergente',null,'2000-07-11', 'Capitaneria di Porto di Roma Fiumicino', 'Fiumicino'),
		('Giuliana','Caggegi','1997-04-24','CGGGLN97D64G450Q','Sottocapo di 1a classe scelto',null, '2018-01-16', 'Capitaneria di Porto di Roma Fiumicino', 'Fiumicino'),
		('Ercole','Urbani','1987-03-08','RBNRCL87C08H070Y','Luogo tenente',null,'2009-04-15', 'Ufficio Circondariale Marittimo di Porto Santo Stefano', 'Porto Santo Stefano'),
		('Elio','Pomo','1985-12-26','PMOLEI85T26C656Q','Capo di  1a classe',null,'2009-04-15', 'Ufficio Circondariale Marittimo di Porto Santo Stefano', 'Porto Santo Stefano'),
		('Nicola','Sagginella','1987-04-03','SGGNCL87D03I402U','Brigadiere',null,'2009-09-15', 'Stazione Carabinieri Livorno Porto', 'Livorno'),
		('Gabriele','Manzano','1988-06-10','MNZGRL88H10D874H','Vicebrigadiere',null,'2009-09-15', 'Stazione Carabinieri Livorno Porto', 'Livorno'),
		('Mattia','Gaggiano','1974-10-28','GGGMTT74R28F054V','Appuntato',null,'1995-06-18', 'Stazione Carabinieri Livorno Porto', 'Livorno'),
		('Iginio','Olivero','1990-07-19','LVRGNI90L19F139N','Ufficiale',null,'2009-11-04', 'Guardia di Finanza', 'Carrara'),
		('Augusto','La Barbiera','1988-08-13','LBRGST88M13C935M','Ispettore',null,'2009-02-09', 'Guardia di Finanza', 'Carrara'),
		('Mina','Pergoli','1982-03-11','PRGMNI82C51D890I','Appuntato',null,'2002-01-11', 'Guardia di Finanza', 'Carrara'),
		('Pamela','Violin','1982-12-02','VLNPML82T42G771D','Finanziere',null,'2002-01-11', 'Guardia di Finanza', 'Carrara'),
		('Adolfo','Licinio','1979-03-17','LCNDLF79C17G316M','Ufficiale',null,'2010-05-09', 'Guardia di Finanza', 'Livorno'),
		('Silvestro','Cesarano','1977-04-06','CSRSVS77D06A240D','Finanziere',null,'2000-01-21', 'Guardia di Finanza', 'Livorno'),
		('Sonia','Fiori','1970-12-24','FRISNO70T64I482V','Ufficiale',null,'1990-05-23', 'Guardia di Finanza', 'Carrara'),
		('Aristo','Falcioni','1975-10-11','FLCRST75R11H808X','Ispettore',null,'1998-08-28', 'Guardia di Finanza', 'Carrara'),
		('Aleardo','Rice','1972-10-13','RCILRD72R13F709Z','Ispettore',null,'1994-03-27', 'Guardia di Finanza', 'Carrara'),
		('Primo','Sanfrancesco','1984-08-03','SNFPRM84M03B450H','Sovraintendente', null,'2004-01-29','Guardia di Finanza', 'Carrara'),
		('Renzo','Del Gaudio','1975-11-13','DLGRNZ75S13M004D','Appuntato',null,'1996-07-08', 'Guardia di Finanza', 'Carrara'),
		('Sandra','Fiammingo','1981-08-19','FMMSDR81M59C279C','Finanziere',null,'2002-04-15', 'Guardia di Finanza', 'Carrara'),
		('Letizia','Viotto','1975-09-19','VTTLTZ75P59L706F','Ispettore',null,'1995-02-18', 'Guardia di Finanza', 'Livorno'),
		('Erminio','Mazzante','1986-06-20','MZZRMN86H20F801B','Finanziere',null,'2007-02-21', 'Guardia di Finanza', 'Livorno'),
		('Nazario','Navas','1965-08-29','NVSNZR65M29C447R','Vigile del Fuoco Coordinatore', null,'1983-02-13','Vigili del Fuoco', 'Livorno'),
		('Fulgenzio','Pizzagalli','1958-10-31','PZZFGN58R31L499K','Ispettore Antincendio','2018-12-09',null, null, null),
		('Flora','Novellis','1965-10-03','NVLFLR65R43D062V','Capo Reparto',null,'1984-11-18', 'Vigili del Fuoco', 'Livorno'),
		('Rino','Mair','1965-01-02','MRARNI65A02C098I','Vigile del Fuoco',null,'1984-11-18', 'Vigili del Fuoco', 'Livorno'),
		('Demetrio','Germi','1961-07-04','GRMDTR61L04L691S','Capo di 3a classe','2021-09-01',null,  null, null),
		('Cassio','Mascherpa','1961-03-22','MSCCSS61C22F813D','Capo di 1a classe','2021-04-29',null,  null, null),
		('Donato','Anselmo','1962-04-09','NSLDNT62D09B694H','Luogotenente','2022-05-16',null, null, null),
		('Gaspare','Morchio','1963-05-18','MRCGPR63E18B473H','Primo maresciallo',null,'1981-10-10','Direzione Marittima di Livorno','Livorno'),
		('Ebe','Atzeni','1960-02-23','TZNBEE60B63C291N','Secondo capo scelto','2020-04-01',null, null, null),
		('Basilio','Saracino','1966-10-27','SRCBSL66R27G608Q','Ispettore',null,'1987-11-04','Guardia di Finanza','Livorno'),
		('Oddone','Bernabei','1959-07-08','BRNDDN59L08E394E','Finanziere','2019-08-09',null, null, null),
		('Sante','Bolognesi','1967-06-04','BLGSNT67H04A193R','Appuntato',null,'1988-01-08','Guardia di Finanza','Livorno'),
		('Rita','Zappelli','1955-08-10','ZPPRTI55M50G187X','Sottocapo di Prima Classe Scleto',null,'1975-03-05', 'Ufficio Locale Marittimo di Trani', 'Trani'),
		('Abramo','Caicco','1957-05-14','CCCBRM57E14L909V','Sottocapo di Prima Classe',null,'1977-02-02','Ufficio Locale Marittimo di Trani', 'Trani'),
		('Ascanio','Faini','1951-04-27','FNASCN51D27G400P','Sottocapo di Seconda Classe',null,'1971-03-19','Ufficio Locale Marittimo di Trani', 'Trani'),
		('Maria','Rangone','1956-09-26','RNGMRA56P66G041G','Sottocapo di Terza Classe',null,'1975-01-15','Ufficio Locale Marittimo di Trani', 'Trani'),
		('Fulgenzio','Teci','1955-04-29','TCEFGN55D29H072W','Sottocapo',null,'1975-08-21','Ufficio Locale Marittimo di Trani', 'Trani'),
		('Spartaco','De Mauro','1959-04-18','DMRSRT59D18C709F','Comune di Prima Classe',null,'1980-12-12','Ufficio Locale Marittimo di Trani', 'Trani'),
		('Stefano','Nicolò','1958-12-09','NCLSFN58T09D878S','Sottocapo di Seconda Classe',null,'1979-06-03','Ufficio Locale Marittimo di Trani', 'Trani'),
		('Giovanni','Caimi','1988-05-30','CMAGNN88E30H952F','Sottocapo di Terza Classe',null,'2010-03-02','Ufficio Locale Marittimo di Trani', 'Trani'),
		('Amalia','Di Paoli','1950-07-22','DPLMLA50L62C742U','Comune di Seconda Classe',null,'1971-11-26','Direzione Marittima di Bari', 'Bari'),
		('Casimira','Corbetta','1959-01-22','CRBCMR59A62I646F','Capo di Terza Classe',null,'1979-07-03','Direzione Marittima di Bari', 'Bari'),
		('Everardo','Montesi','1955-09-02','MNTVRD55P02E674I','Capo di Seconda Classe',null,'1975-11-07','Direzione Marittima di Bari', 'Bari'),
		('Edmondo','Ballerino','1955-04-16','BLLDND55D16H655S','Capo di Prima Classe',null,'1975-11-07','Direzione Marittima di Bari', 'Bari'),
		('Serafina','Pietrosante','1951-05-21','PTRSFN51E61A270M','Primo Maresciallo',null,'1972-10-19','Direzione Marittima di Bari', 'Bari'),
		('Maddalena','Stefanello','1956-03-17','STFMDL56C57G068W','Primo Maresciallo Luogotenente',null,'1975-11-07','Direzione Marittima di Bari', 'Bari'),
		('Eugenio','Cipollini','1951-01-10','CPLGNE51A10D852Z','Guardiamarina',null,'1971-04-15', 'Direzione Marittima di Bari', 'Bari'),
		('Alfredo','Pozzoni','1958-04-17','PZZLRD58D17C844X','Sottotenente di Vascello', null,'1979-02-12','Direzione Marittima di Bari', 'Bari'),
		('Marzio','Pelosi','1955-05-03','PLSMRZ55E03H216D','Tenente di Vascello',null,'1974-02-18', 'Vigili del Fuoco', 'Otranto'),
		('Aurelia','Oddo','1959-06-09','DDORLA59H49D702B','Secondo Capo',null,'1979-02-05', 'Vigili del Fuoco', 'Otranto'),
		('Gianluca','Vallebona','1956-11-23','VLLGLC56S23I754M','Sergente',null,'1978-06-04', 'Vigili del Fuoco', 'Otranto'),
		('Benvenuta','Tomio','1958-04-27','TMOBVN58D67E885A','Sottocapo di Prima Classe Scelto',null, '1977-01-17', 'Vigili del Fuoco', 'Otranto'),
		('Trabalza','Monica','1951-10-16','TRBMNC51R56A883L','Sottocapo di Prima Classe',null, '1971-04-15', 'Vigili del Fuoco Comando Provinciale Genova', 'Genova'),
		('Nicla','Patrignani','1948-04-07','PTRNCL08D47C073J','Sottocapo',null,'1971-04-15', 'Comando Stazione Navale Taranto', 'Taranto'),
		('Ignazio','Gianuzzi','1979-08-06','GNZGNZ79M06H556T','Comune di Prima Classe',null,'1999-03-11', 'Comando Stazione Navale Taranto', 'Taranto'),
		('Gianmarco','Palmerini','1932-06-29','PLMGMR32H29G768O','Comune di Seconda Classe','1996-12-02',null,null, null),
		('Folco','Castagneri','1991-12-08','CSTFLC91T08B587M','Primo Luogotenente',null,'2012-12-03','Direzione Marittima di Genova','Genova'),
		('Giosuele','Prestigianni','1977-04-10','PRSGSL77D10G990B','Primo Maresciallo',null,'1997-04-15', 'Direzione Marittima di Genova','Genova'),
		('Viviana','Acerbi','1979-03-04','CRBVVN79C44A000I','Capo di 2a classe',null,'1999-06-25', 'Direzione Marittima di Genova','Genova'),
		('Eugenia','Panizzi','1981-08-12','PNZGNE81M52C589F','Capo squadra',null, '1999-01-11', 'Vigili del Fuoco Comando Provinciale Genova', 'Genova'),
		('Paola','Mancino','1975-07-30','MNCPLA75L70D852R','Ispettore Antincendi',null,'1995-04-15', 'Vigili del Fuoco Comando Provinciale Genova', 'Genova'),
		('Nicodemo','Zaccone','1992-02-05','ZCCNDM92B05G830X','Vigile del Fuoco',null, '2013-03-05', 'Vigili del Fuoco Comando Provinciale Genova', 'Genova'),
		('Sansone','Pezzoli','1989-04-26','PZZSSN89D26L987V','Vigile del Fuoco Esperto',null, '2010-11-05', 'Vigili del Fuoco Comando Provinciale Genova', 'Genova'),
		('Melchiorre','Bertinetti','1985-03-12','BRTMCH85C12L207T','Capo Reparto',null, '2008-05-06', 'Vigili del Fuoco Comando Provinciale Genova', 'Genova'),
		('Ciro','Fratello','1986-05-16','FRTCRI86E16E139K','Vigile del Fuoco Coordinatore',null,'2008-05-06', 'Vigili del Fuoco Comando Provinciale Genova', 'Genova'),
		('Aristo','Garioni','1976-12-10','GRNRST76T10A788B','Sottocapo di Prima Classe',null,'1997-03-07', 'Direzione Marittima di Cagliari','Cagliari'),
		('Calogero','Muscariello','1960-04-07','MSCCGR60D07A473X','Sottocapo di Seconda Classe',null,'1980-11-21','Direzione Marittima di Cagliari','Cagliari'),
		('Alfonso','Crescenzio','1941-12-22','CRSLNS41T22G889M','Sottocapo di Terza Classe','2000-11-20',null,null, null),
		('Amanda','Masilli','1932-10-31','MSLMND32R71L550Z','Sottocapo','1992-05-06',null, null, null),
		('Bortolo','Zamaro','1976-12-12','ZMRBTL76T12D861K','Comune di Prima Classe',null,'1996-11-15','Direzione Marittima di Cagliari','Cagliari'),
		('Ubaldo','Del Vecchio','1952-05-21','DLVBLD52E21E793V','Comune di Seconda Classe',null,'1973-02-19','Direzione Marittima di Cagliari','Cagliari'),
		('Elisa','Sanfratello','1953-01-18','SNFLSE53A58L665V','Comune di Seconda Classe','2013-02-06',null, null, null),
		('Lara','Casati','1964-06-22','CSTLRA64H62I648T','Comune di Prima Classe',null,'1985-05-05','Direzione Marittima di Genova', 'Genova'),
		('Giliola','Andreassi','1963-05-10','NDRGLL63E50C380Z','Sottocapo',null,'1985-08-09', 'Direzione Marittima di Genova', 'Genova'),
		('Sempronio','Dionigio','1956-11-11','DNGSPR56S11G536M','Sottocapo di Prima Classe Scelto','2014-05-30',null, null, null),
		('Giada','Tolomi','1952-05-31','TLMGDI52E71B481J','Sottocapo di Terza Classe','2010-07-09',null, null, null),
		('Teodora','Libone','1967-10-20','LBNTDR67R60F207C','Sottocapo di Prima Classe',null,'1985-08-09','Direzione Marittima di Genova', 'Genova'),
		('Germana','Virgillito','1965-03-16','VRGGMN65C56I774J','Sottocapo di Seconda Classe',null,'1985-08-09','Marina Militare di Genova','Genova'),
		('Ercole','Basilone','1962-11-12','BSLRCL62S12F513M','Sergente',null,'1985-08-09','Marina Militare di Genova','Genova'),
		('Selene','Nelli','1955-02-09','NLLSLN55B49E244F','Secondo Capo','2015-01-30',null, null, null),
		('Marcella','Zorzenoni','1966-07-21','ZRZMCL66L61L231L','Secondo Capo Scelto',null,'1986-12-05','Vigili del Fuoco Comando Provinciale Genova', 'Genova'),
		('Ida','Scaramella','1967-01-12','SCRDIA67A52M143W','Capo di Terza Classe',null,'1986-12-05','Vigili del Fuoco Comando Provinciale Genova', 'Genova'),
		('Gabriele','Somma','1954-10-15','SMMGRL54R15B886T','Capo di Seconda Classe','2014-11-23',null, null, null),
		('Aimone','Montellanico','1961-06-15','MNTMNA61H15C412L','Capo di Prima Classe',null,'1981-04-15', 'Vigili del Fuoco Comando Provinciale Genova', 'Genova'),
		('Sisto','Bugoni','1960-02-25','BGNSST60B25D195A','Primo Maresciallo Luogotenente',null,'1980-02-13','Vigili del Fuoco Comando Provinciale Genova', 'Genova'),
		('Natalina','Rigotto','1969-07-15','RGTNLN69L55D258G','Comune di Seconda Classe',null,'1990-05-06','Vigili del Fuoco Comando Provinciale Genova','Genova'),
		('Salvatore','Zarantonello','1970-01-27','ZRNSVT70A27L471P','vigile del Fuoco sperto',null,'1990-01-19','Vigili del Fuoco Comando Provinciale Genova', 'Genova'),
		('Giuseppina','Girgentini','1968-06-20','GRGGPP68H60B017I' ,'vigile del Fuoco oordinatore',null,'1989-04-15','Vigili del Fuoco Comando Provinciale Genova', 'Genova'),
		('Gianluca','Cavagna','1960-11-28','CVGGLC60S28E992K','capo squadra','2010-03-09',null, null, null),
		('Beato','De Vivi','1958-07-25','DVVBTE58L25C948N','capo squadra esperto','2008-12-13',null, null, null),
		('Nazzareno','Salzano','1952-08-23','SLZNZR52M23L188X', 'capo reparto','2002-08-17',null, null, null),
		('Bonifacio','Califano','1955-07-12','CLFBFC55L12C507B','capo reparto esperto','2015-04-03',null, null, null),
		('Romualdo','Pala','1944-01-11','PLARLD44A11C919V','ispettore antincendi','2004-06-09',null, null, null),
		('Alfonso','Costanzo','1964-08-06','CSTLNS64M06D671H','ispettore antincendi esperto',null,'1985-03-19','Vigili del Fuoco di Savona','Savona'),
		('Volfango','Ramundo','1965-12-16','RMNVFN65T16C228J','ispettore antincendi coordinatore',null,'1988-04-14','Vigili del Fuoco di Savona','Savona'),
		('Lia','Rimoldi','1957-03-03','RMLLIA57C43I183J','vigile del Fuoco','2017-10-11',null, null, null),
		('Marcella','Turle','1979-01-14','TRLMCL79A54G860G','vigile del Fuoco esperto',null,'2000-06-09','Vigili del Fuoco di Savona','Savona'),
		('Dante','Mangiameli','1946-05-04','MNGDNT46E04E188W','vigile del Fuoco coordinatore','2006-06-15',null, null, null),
		('Remigio','Fiorenzani','1947-08-03','FRNRMG47M03G674N','capo squadra','2007-03-15',null, null, null),
		('Salvo','Zorzato','1953-10-28','ZRZSLV53R28C342N','capo squadra esperto','2013-07-20',null, null, null),
		('Cleopatra','Bernascone','1971-05-15','BRNCPT71E55G987C','capo squadra esperto',null,'1991-09-12','Vigili del Fuoco Comando Provinciale Genova', 'Genova'),
		('Ippolito','Ruggi','1947-03-24','RGGPLT47C24D972F','capo reparto esperto','2000-04-22',null, null, null),
		('Aurelio','Stocchetti','1965-08-13','STCRLA65M13L659Z','Comune di Prima Classe',null,'1986-03-11','Capitaneria di Porto di Savona','Savona'),
		('Carla','Aversa','1962-11-11','VRSCRL62S51L291P','Sottocapo',null,'1983-05-07','Capitaneria di Porto di Savona','Savona'),
		('Rosmunda','Lovati','1950-08-03','LVTRMN50M43G611V','Sottocapo di Terza Classe','2005-11-22',null, null, null),
		('Elisabetta','Galgaro','1948-09-09','GLGLBT48P49G155K','Sottocapo di Seconda Classe','2004-03-12',null, null, null),
		('Teodolinda','Guatti','1958-09-02','GTTTLN58P42F210Z','Sottocapo di Prima Classe','2017-11-03',null, null, null),
		('Piermarco','Montella','1978-02-26','MNTPMR78B26C467P','Sergente',null, '1998-02-23', 'Ufficio Circondariale Marittimo di Lampedusa Isola','Lampedusa'),
		('Luigi','Quartaroni','1986-01-23','QRTLGU86A23F482P','Luogotenente',null,'2006-04-15', 'Ufficio Circondariale Marittimo di Lampedusa Isola','Lampedusa'),
		('Tazio','Stracquadagno','1982-07-11','STRTZA82L11L121Q','Luogotenente',null,'2002-08-19', 'Ufficio Circondariale Marittimo di Lampedusa Isola','Lampedusa'),
		('Ludovico','Rizzardo','1977-10-13','RZZLVC77R13D639F','Capo',null,'1997-04-15', 'Ufficio Circondariale Marittimo di Lampedusa Isola','Lampedusa'),
		('Amadeo','Pennaccini','1971-04-28','PNNMDA71D28H625I','Luogotenente',null, '1991-02-08', 'Ufficio Circondariale Marittimo di Lampedusa Isola','Lampedusa'),
		('Valerio','Forte','1980-01-01','FRTVLR80A01H877A','Capo',null, '2000-08-10','Ufficio Circondariale Marittimo di Lampedusa Isola','Lampedusa'),
		('Medardo','Gorelli','1980-11-19','GRLMRD80S19A977B','Sergente',null,'2000-08-10' ,'Ufficio Circondariale Marittimo di Lampedusa Isola','Lampedusa'),
		('Oronzo','Michelli','1987-10-11','MCHRNZ87R11H857A','Sergente',null,'2008-02-12' ,'Ufficio Circondariale Marittimo di Lampedusa Isola','Lampedusa'),
		('Amanda','Ballerino','1984-11-14','BLLMND84S54I741Y','Luogotenente',null, '2004-08-10','Ufficio Circondariale Marittimo di Lampedusa Isola','Lampedusa'),
		('Stefania','Floresta','1973-03-23','FLRSFN73C63B159L','Luogotenente',null, '19994-08-07', 'Ufficio Circondariale Marittimo di Lampedusa Isola','Lampedusa'),
		('Ottolia','Ombretta','1980-09-12','TTLMRT80P52A029C','Sergente',null,'2000-12-05', 'Ufficio Circondariale Marittimo di Lampedusa Isola','Lampedusa'),
		('Agnese','Farinelli','1986-12-10','FRNGNS86T50C865X','Sergente',null,'2008-12-05',  'Ufficio Circondariale Marittimo di Lampedusa Isola','Lampedusa'),
		('Paola','Bonvini','1971-02-10','BNVPLA71B50D317Q','Capo',null, '1996-12-05', 'Ufficio Circondariale Marittimo di Lampedusa Isola','Lampedusa'),
		('Carola','Veronelli','1972-04-19','VRNCRL72D59F810Q','Capo',null, '1996-12-05','Ufficio Circondariale Marittimo di Lampedusa Isola','Lampedusa'),
		('Sesto','Caldara','1978-09-04','CLDSST78P04H787C','Sergente',null, '1996-12-05','Ufficio Circondariale Marittimo di Lampedusa Isola','Lampedusa'),
		('Cristiana','Puccetti','1970-02-08','PCCCST70B48G855W','Capo',null, '1992-11-06','Ufficio Circondariale Marittimo di Lampedusa Isola','Lampedusa'),
		('Albano','Bernardelli','1977-05-31','BRNLBN77E31G789T','Capo',null, '1997-04-19','Ufficio Circondariale Marittimo di Lampedusa Isola','Lampedusa'),
		('Caterina','Bertagnini','1981-09-02','BRTCRN81P42I423I','Luogotenente',null, '2001-12-04','Ufficio Circondariale Marittimo di Lampedusa Isola','Lampedusa'),
		('Ombretta','Drago','1971-11-02','DRGMRT71S42C766B','Luogotenente',null, '1992-11-06','Ufficio Circondariale Marittimo di Lampedusa Isola','Lampedusa'),
		('Massimo','Nepote','1971-06-30','NPTMSM71H30H282T','Sergente',null,'1992-11-06','Ufficio Circondariale Marittimo di Lampedusa Isola','Lampedusa'),
		('Gaetano','Cantalupo','1940-02-03','CNTGTN40B03F772L','Capitano',null,'1973-12-05','Vigili del Fuoco Comando Provinciale Genova', 'Genova');

INSERT INTO partecipazione(soccorso, personale)
VALUES	('000001', '12'), 		
		('000001','47'),
		('000001','48'),
		('000001','49'),
		('000001','50'),
		('000001','51'),
		('000001','52'),
		('000001','53'),
		('000001','54'),
		('000001', '13'),		
		('000001', '55'), 
		('000001', '56'), 
		('000001', '14'), 		
		('000001', '57'), 
		('000001', '58'),
		('000001', '59'),
		('000001', '60'),  
		('000001', '15'), 		
		('000001', '61'),
		('000001', '62'),
		('000001', '63'),
		('000001', '64'),
		('000001', '65'),
		('000001', '66'),
		('000001', '67'),
		('000001', '68'),
		('000001', '16'), 		
		('000001', '69'),
		('000001', '70'),
		('000001', '17'), 		
		('000001', '71'),
		('000001', '72'),
		('000001', '73'),
		('000001', '74'),
		('000001', '18'), 		
		('000001', '75'),
		('000001', '76'),
		('000001', '77'),
		('000001', '78'),
		('000001', '19'), 		
		('000001', '79'),
		('000001', '80'),
		('000001', '81'),
		('000001', '82'),
		('000001', '20'),		
		('000001', '83'),
		('000001', '84'),
		('000001', '85'),
		('000001', '86'),
		('000001', '46'),		
		('000001', '87'),
		('000001', '88'),
		('000001', '22'),		
		('000001', '89'),
		('000001', '90'),
		('000001', '91'),
		('000001', '23'),		
		('000001', '92'),
		('000001', '93'),
		('000001', '94'),
		('000001', '95'),
		('000001', '24'),		
		('000001', '98'),
		('000001', '99'),
		('000001', '100'),
		('000001', '101'),
		('000001', '102'),
		('000001', '103'),
		('000001', '25'),		
		('000001', '96'),
		('000001', '97'),
		('000001', '26'),		
		('000001', '27'),		
		('000001', '104'),
		('000001', '105'),
		('000002', '2'),		
		('000002', '106'),
		('000002', '107'),
		('000002', '108'),
		('000002', '109'),
		('000002', '21'),		
		('000002', '110'),
		('000002', '111'),
		('000002', '4'),		
		('000002', '112'),
		('000002', '113'),
		('000002', '114'),
		('000002', '5'),		
		('000002', '115'),
		('000002', '116'),
		('000002', '117'),
		('000003','6'),			
		('000003','139'),
		('000003','140'),
		('000003', '7'),	
		('000003','118'),
		('000003','119'),
		('000003', '8'),	
		('000003','120'),
		('000003','121'),
		('000003','9'),			
		('000003','126'),
		('000003','127'),
		('000003','128'),
		('000003','129'),
		('000003', '32') ,	
		('000003','130'),
		('000003','131'),
		('000003','132'),
		('000003','133'),
		('000003', '11'),	
		('000003','134'),
		('000003','135'),
		('000003','136'),
		('000003','137'),
		('000004','28' ),		
		('000004','142'),
		('000004','143'),
		('000004','144'),
		('000004','29'),		
		('000004','145'),
		('000004','146'),
		('000004','147'),
		('000004','148'),
		('000004','149'),
		('000004','150'),
		('000005', '30'),		
		('000005', '151'),	
		('000005', '152'),	
		('000005', '153'),
		('000005', '154'),	
		('000005', '155'),	
		('000005', '156'),	
		('000007','19'),		
		('000007','157'),
		('000007','158'),
		('000007','159'),
		('000007','20'),		
		('000007','160'),
		('000007','161'),
		('000007','162'),
		('000007','31'),		
		('000007','163'),
		('000007','164'),
		('000007','165'),
		('000007','33'),		
		('000007','166'),
		('000007','167'),
		('000007','168'),
		('000007','40'),		
		('000007','169'),
		('000007','170'),
		('000007','171'),
		('000007','34'),		
		('000007','172'),
		('000007','173'),
		('000007','174'),
		('000007','35'),		
		('000007','175'),
		('000007','176'),
		('000007','177'),
		('000007','36'),		
		('000007','178'),
		('000007','179'),
		('000007','180'),
		('000007','37'),		
		('000007','184'),
		('000007','185'),
		('000007','186'),
		('000007','38'),		
		('000007','181'),
		('000007','182'),
		('000007','183'),
		('000007','39'), 		
		('000007','187'),
		('000007','188'),
		('000007','189'),
		('000007','3'),		
		('000007','190'),
		('000007','191'),
		('000007','192'),
		('000008', '41'),		
		('000008', '193'),
		('000008', '194'),
		('000008', '195'),
		('000008', '42' ),		
		('000008', '196'),
		('000008', '197'),
		('000008', '198'),
		('000008', '43'),		
		('000008', '199'),
		('000008', '200'),
		('000008', '201'),
		('000008', '46'),		
		('000008', '202'),
		('000008', '203'),
		('000008', '204'),
		('000009', '46'),		
		('000009', '202'),
		('000009', '203'),
		('000009', '204'),
		('000009', '44'),		
		('000009', '205'),
		('000009', '206'),
		('000009', '207'),
		('000009', '45'),		
		('000009', '208'),
		('000009', '209'),
		('000009', '210'),
		('000009', '43'),		
		('000009', '199'),
		('000009', '200'),
		('000009', '201'),
		('000009', '41'),		
		('000009', '193'),
		('000009', '194'),
		('000009', '195'),
		('000010','29'),
		('000010','146'),
		('000010','147'),
		('000010','148');

INSERT INTO prestavaservizio (matricola, datainizio, datafine, nomestruttura, cittastruttura)
VALUES	('1','1964-10-01', '1969-09-03','Direzione Marittima di Pescara','Pescara'),
		('1','1969-09-04', '1974-09-05','Capitaneria di Porto di Roma Fiumicino', 'Fiumicino'),
		('1', '1974-09-06', '1991-09-12','Direzione Marittima di Livorno','Livorno'),	  
		('2','1984-05-17', '1994-08-13', 'Vigili del Fuoco', 'Otranto'),
		('3', '1981-09-08', '1993-09-12','Direzione Marittima di Genova', 'Genova'), 
		('3', '1993-09-13' ,'2022-06-26', 'Direzione Marittima di Livorno', 'Livorno'),
		('4', '1957-09-11', '1970-08-15','Direzione Marittima di Bari','Bari'),
		('4', '1970-08-16', '1996-04-01','Direzione Marittima di Livorno','Livorno'),
		('5', '1958-02-14', '1964-04-19', 'Capitaneria di Porto di Rimini','Rimini'),
		('5', '1964-04-20', '1980-11-08', 'Capitaneria di Porto di Savona','Savona'),
		('5','1980-11-09', '2000-01-16', 'Guardia di Finanza', 'Livorno'),
		('6', '1985-10-18', '2000-06-11', 'Capitaneria di Porto di Crotone', 'Crotone'),
		('7', '1988-12-06', '1996-05-13', 'Ufficio Circondariale Marittimo di Maratea', 'Maratea'),
		('8','1986-06-15', '2001-11-17', 'Direzione Marittima di Pescara','Pescara'),
		('9','1984-11-05', '1992-03-10','Ufficio Circondariale Marittimo di Maratea','Maratea'), 
		('9', '1992-03-11', '2002-08-03', 'Capitaneria di Porto di Crotone','Crotone'),
		('10','1978-02-09', '1999-10-11', 'Ufficio Locale Marittimo di Praia a Mare', 'Praia a Mare'),
		('10','1999-10-12', '2019-07-03', 'Direzione Marittima di Bari', 'Bari'),
		('11','1977-01-30', '2005-03-02','Vigili del Fuoco di Savona', 'Savona'),
		('11','2005-03-03', '2019-03-27', 'Vigili del Fuoco', 'Otranto'),
		('12','1955-02-25', '1974-12-08',  'Guardia di Finanza','Lampedusa'),
		('12','1974-12-09', '1994-04-25', 'Guardia di Finanza','Carrara'),
		('12','1994-04-26', '2016-04-25',  'Guardia di Finanza', 'Livorno'),
		('13','1980-10-28','1996-01-22','Ufficio Locale Marittimo di Portofino','Portofino'), 
		('13', '1996-01-23', '2022-02-24', 'Capitaneria di Porto di Gaeta', 'Gaeta'),
		('14','1980-10-22' ,'2002-09-21','Capitaneria di Porto di Rimini','Rimini'),
		('14','2002-09-22','2021-05-29','Direzione Marittima di Livorno', 'Livorno'),
		('16','1971-07-07', '1989-06-03', 'Capitaneria di Porto di Roma Fiumicino', 'Fiumicino'),
		('16','1989-06-04','2013-08-15', 'Ufficio Circondariale Marittimo di Porto Santo Stefano', 'Porto Santo Stefano'),
		('19','1986-03-14','1999-10-31','Capitaneria di Porto di Termoli','Termoli'),
		('19','1999-11-02','2021-10-09', 'Direzione Marittima di Genova', 'Genova'),
		('20','1982-01-19', '2000-04-04','Capitaneria di Porto di Pesaro','Pesaro'),
		('20','2000-04-05','2022-06-05', 'Direzione Marittima di Genova', 'Genova'),
		('21', '1979-05-29','1983-02-13', 'Capitaneria di Porto di Pesaro','Pesaro'),
		('21','1983-02-17','2016-05-11', 'Capitaneria di Porto di Roma Fiumicino', 'Fiumicino'),
		('27','1980-10-28','1990-11-07','Guardia di Finanza','Lampedusa'),
		('27', '1990-11-08', '1999-11-01', 'Guardia di Finanza','Carrara'),
		('27','1999-11-02','2021-03-09','Guardia di Finanza', 'Livorno'),
		('28','1986-09-13','1988-05-22','Direzione Marittima di Bari','Bari'),
		('28','1988-06-01','1993-11-28','Direzione Marittima di Palermo','Palermo'),
		('28','1993-12-02','2021-08-12','Direzione Marittima di Genova','Genova'),
		('30','1969-08-09','1974-11-21', 'Ufficio Locale Marittimo di Porto Ercole', 'Porto Ercole'),
		('30','1974-11-21','2011-11-18', 'Direzione Marittima di Cagliari', 'Cagliari'),
		('31','1962-07-16','1986-09-07', 'Comando Stazione Navale Taranto', 'Taranto'),
		('31','1986-09-08','2002-09-19', 'Marina Militare di Genova','Genova'),
		('33','1974-11-08','2012-09-28','Vigili del Fuoco Comando Provinciale Genova', 'Genova'),
		('34','1979-10-08','2015-10-03','Vigili del Fuoco Comando Provinciale Genova', 'Genova'),
		('35','1978-06-11','2014-01-11', 'Vigili del Fuoco di Savona','Savona'),
		('36','1967-11-07','2002-03-18','Vigili del Fuoco di Savona','Savona'),
		('37','1982-04-09','2019-10-22','Vigili del Fuoco Comando Provinciale Genova', 'Genova'),
		('38','1981-03-09','2019-12-21','Vigili del Fuoco di Savona','Savona'),
		('39','1977-07-10','2009-09-23','Capitaneria di Porto di Savona','Savona'),
		('40','1975-11-09','2010-07-29','Vigili del Fuoco Comando Provinciale Genova', 'Genova'),
		('96','1999-11-03','2004-12-09','Guardia di Finanza','Livorno'),
		('96','2004-12-10','2010-05-06','Guardia di Finanza','Carrara'),
		('107','1976-03-02', '1985-07-10', 'Vigili del Fuoco','Otranto'),
		('107','1985-07-11','2018-12-09','Vigili del Fuoco', 'Livorno'),
		('110','1987-04-17','2021-09-01', 'Direzione Marittima di Livorno', 'Livorno'),
		('111','1987-08-19','2021-04-29', 'Direzione Marittima di Livorno', 'Livorno'),
		('112','1988-06-15','2022-05-16','Direzione Marittima di Livorno','Livorno'),
		('114','1985-01-18','2020-04-01','Direzione Marittima di Livorno','Livorno'),
		('116','1979-01-29', '1990-05-17', 'Guardia di Finanza','Lampedusa'),
		('116','1990-05-18', '2019-08-09','Guardia di Finanza','Livorno'),
		('141','1951-07-14', '1958-03-17','Comando Stazione Navale Taranto', 'Taranto'),
        ('141','1958-03-18', '1962-11-06', 'Marina Militare di Genova','Genova'),
        ('141','1962-11-07', '1996-12-02', 'Capitaneria di Porto di Savona','Savona'),
		('149','2005-10-07','2012-09-17','Vigili del Fuoco','Otranto'),
		('149','2012-09-18','2017-01-31','Vigili del Fuoco','Livorno'),
		('153','1963-12-11','2000-11-20','Direzione Marittima di Cagliari','Cagliari'),
		('154','1960-10-18','1992-05-06','Direzione Marittima di Cagliari','Cagliari'),
		('157','1974-10-01','2013-02-06','Direzione Marittima di Genova', 'Genova'),
		('160', '1975-07-31', '1985-10-01', 'Direzione Marittima di Cagliari','Cagliari'),
		('160','1985-10-02','2014-05-30', 'Direzione Marittima di Genova', 'Genova'),
		('161','1971-11-08', '1982-08-11', 'Direzione Marittima di Palermo','Palermo'),
		('161','1982-08-12','2010-07-09', 'Direzione Marittima di Genova', 'Genova'),
		('165','1975-05-05','1982-10-04','Forze Armate Marina Militare','Catania'),
		('165','1982-10-05','2015-01-30','Marina Militare di Genova','Genova'),
		('174','1979-12-09', '1983-08-10', 'Vigili del Fuoco di Savona','Savona'),
		('174','1983-08-11','2010-03-09','Vigili del Fuoco Comando Provinciale Genova', 'Genova'),
		('175','1978-09-15','1989-05-27','Vigili del Fuoco','Otranto'),
		('175','1989-05-28','2008-12-13','Vigili del Fuoco di Savona','Savona'),
		('176','1973-11-09','2002-08-17','Vigili del Fuoco di Savona','Savona'),
		('177','1976-09-09','2015-04-03','Vigili del Fuoco di Savona','Savona'),
		('178','1963-09-13', '1970-05-28', 'Vigili del Fuoco','Otranto'),
		('178','1970-05-29', '1986-07-19', 'Vigili del Fuoco','Livorno'),
		('178','1986-07-20','2004-06-09','Vigili del Fuoco di Savona','Savona'),
		('181','1979-12-20','2017-10-11','Vigili del Fuoco di Savona','Savona'),
		('183','1967-10-08','1975-06-29', 'Vigili del Fuoco','Livorno'),
		('183','1975-06-30', '1985-07-05', 'Vigili del Fuoco Comando Provinciale Genova','Genova'),
		('183','1985-07-06','2006-06-15','Vigili del Fuoco di Savona','Savona'),
		('184','1969-02-11','2007-03-15','Vigili del Fuoco Comando Provinciale Genova', 'Genova'),
		('185','1974-06-12','1988-04-02','Vigili del Fuoco di Savona','Savona'),
		('185','1988-04-03','2013-07-20','Vigili del Fuoco Comando Provinciale Genova', 'Genova'),
		('187','1969-12-11','2000-04-22','Capitaneria di Porto di Savona','Savona'),
		('190','1969-04-05','1978-08-18', 'Direzione Marittima di Bari', 'Bari'),
		('190','1978-08-19', '1989-03-16','Direzione Marittima di Olbia', 'Olbia'),
		('190','1989-03-17','2005-11-22','Direzione Marittima di Genova', 'Genova'),
		('191','1969-03-30','1988-05-20','Direzione Marittima di Venezia','Venezia'),
		('191','1988-05-21','2004-03-12','Direzione Marittima di Genova', 'Genova'),
		('192','1979-11-03','2017-11-03','Direzione Marittima di Genova', 'Genova');
